id;title;price;url;type;city;surface;description;date_creation;date_suppression
1322689063;Cave rénovée avec porte blindée;85;//www.leboncoin.fr/locations/1322689063.htm?ca=12_s;;Paris 17ème;5.0;Cave / local entièrement rénovée de 5m2. Située dans le 17ème arrondissement, à proximité de l'avenue de Clichy, non loin des stations de métro La Fourche, Brochant et Rome.<br>La cave est saine et a son propre éclairage. Le sol est propre avec sa chape de béton. Les murs ont été entièrement refaits. Grande hauteur sous plafond : 2,60m, soit une capacité de stockage d'environ 13m3. Des extracteurs d'air sont présents dans le sous-sol de la copropriété, contribuant à un renouvellement permanent de l'air.<br>A destination uniquement de stockage.<br>Stockage très sécurisé : 2 digicodes au niveau des portes d'accès à l'immeuble puis la porte d'accès au sous-sol et enfin la porte blindée de la cave.;2017-10-20;2017-10-24
1322661738;Cave pour stockage rue Cherche Midi;70;//www.leboncoin.fr/locations/1322661738.htm?ca=12_s;;Paris 6ème;4.0;Cave voutée de 4m2 avec porte métallique, dans un bel immeuble gardienné.<br>Quadruple sécurité:<br>Code porte immeuble / Gardienne / clef pour accès aux cave / clef de la cave<br>Idéal pour stockage longue durée. <br>Bail minimal 1 an, Paiement semestriel.;2017-10-20;2017-10-24
1321608388;Cave voûtée 10m2 - garde meuble;140;//www.leboncoin.fr/locations/1321608388.htm?ca=12_s;;Paris 10ème;10.0;REPUBLIQUE   :   grande   cave   voûtée   de   10,00   M²,   à   50m   du   métro,   à   louer   pour   stockage,   garde   meuble,   archives   et   vins.   Cette   cave,   au   niveau   -1   d'un   immeuble   haussmannien   de   2,80   M   de   hauteur   sous   plafond,   est   sèche   (   sol   dallé   ),   aérée,   éclairée,   sécurisée   et   équipée   d’une   prise   de   courant.   Clé   +   Badge   accès   immeuble .<br>Location courte ou longue durée;2017-10-20;2017-10-24
1322570541;Rue Faidherbe Paris 11 cave de 3m²;55;//www.leboncoin.fr/locations/1322570541.htm?ca=12_s;;Paris 11ème;3.0;Rue Faidherbe paris 11 cave de environs 3m² avec grande hauteur sous plafond.<br>lumière, accès sécurisé.<br>Loyer 55 euros par mois;2017-10-20;2017-10-24
1322381782;Cave 2,8m² (6m3) stockage Bd St Michel/Valde Grâce;40;//www.leboncoin.fr/locations/1322381782.htm?ca=12_s;;Paris 5ème;3.0;"Bonjour,<br>Louez une cave saine, légèrement voûtée, comme espace de stockage, de 2;8m² (6m3) à Paris 5ème, angle Bd St Michel et rue du Val de Grâce, dans un immeuble haussmannien pour y stocker :<br>Des affaires personnelles (documents, meubles, vêtements, ...), <br>De l'archivage,<br>De l'outillage pour une entreprise.<br>Accès immeuble par digicode pour la porte d'entrée principale et une clé pour accéder aux caves.<br>Localisation : 1er sous-sol.<br>RER : Port Royal et Luxembourg. Bus 38 à proximité.<br>Sol en terre battue.<br>Palettes laissées à disposition pour y déposer vos affaires hors sol.<br>Murs latéraux en parpaings.<br>Portes en bois munie d'un verrou avec serrure, s'ouvrant vers le couloir pour optimiser la place à l'intérieur.<br>L=2,45m<br>L= 1,22m<br>H= 2,30m.<br>Disponible de suite.<br>Contrat annuel de location avec tacite reconduction.<br>Prix mensuel CC : 40,00 € (Loyer 35,00 € + 5,00 € de charges).<br>Caution deux mois : 70,00 €<br>Renseignement et visite : 06 52 12 38 22<br>Je ne réponds pas aux MAILS ou aux SMS ou aux numéros masqués, mais je vous rappelle si vous me laissez votre numéro de mobile en cas d'absence.<br>Merci";2017-10-20;2017-10-23
1322297536;Cave saine 4m2 Paris 18e;55;//www.leboncoin.fr/locations/1322297536.htm?ca=12_s;;Paris 18ème;4.0;A louer: cave 2 m x 2m en 1er sous sol d'un immeuble ancien sécurisé (digicode et clé/interphone).<br>Cave au 1er sous-sol (ventilé, un peu de lumière naturelle de la cour), propre, fermée, éclairée. <br>Rue de Clignancourt, secteur Ramey / Custine, proche Mo Chateau Rouge ou Anvers.<br>Disponible au 1er novembre voire un peu avant.;2017-10-19;2017-10-24
1322105221;Cave entrepot;45;//www.leboncoin.fr/locations/1322105221.htm?ca=12_s;;Paris 11ème;15.0;PARIS 11e metro rue saint maur ou père lachaise<br>Dans immeuble sécurisé cave , entrepot fermé sous surveillance video;2017-10-19;2017-10-24
1322061162;Cave / Espace de stockage;210;//www.leboncoin.fr/locations/1322061162.htm?ca=12_s;;Paris 6ème;12.0;Cave de 12m2 située au métro Vaneau (ligne 10) - Rue de Sèvres - dans un immeuble très sécurisé avec accès simple et permanent<br>Cave saine, pas d'humidité <br>Disponible de suite <br>Premier contact par mail;2017-10-19;2017-10-24
1322025151;Loue Cave Fermée et seche Metro Commerce;200;//www.leboncoin.fr/locations/1322025151.htm?ca=12_s;;Paris 15ème;12.0;Loue Belle cave fermée et seche. <br>Immeuble occupé par propriétaires occupants, avec double digicode.<br>Adresse: 30 rue Gramme, 75015 Paris <br>Premier Contact par email.;2017-10-19;2017-10-24
1321944399;Cave boulevard periere;50;//www.leboncoin.fr/locations/1321944399.htm?ca=12_s;;Paris 17ème;14.0;PLUSIEURS CAVES PROPRES ET SAINES BOULEVARD PEREIRE ET GOUVION SAINT CYR<br>14M2.6M2.12M2<br>PRIX NEGOCIABLES;2017-10-19;2017-10-24
1321805239;Location cave ;75;//www.leboncoin.fr/locations/1321805239.htm?ca=12_s;;Paris 15ème;3.0;Bonjour, <br>Je loue une cave de 3,50 m2 dans un immeuble sécurisée proche métro Cambronne dans le 15 eme arrondissement avec hauteur d'environ 2 mètres.<br>Cave accessible par badge et par clé. <br>Idéal stockage/rangement. <br>Location de longue durée privilégiée ( minimum 6 mois). <br>Loyer : 75 e;2017-10-18;2017-10-23
1321618476;Studio 31m² + balcon + cave;1042;//www.leboncoin.fr/locations/1321618476.htm?ca=12_s;;Paris 15ème;;75015 PARIS - METRO PLAISANCE OU CONVENTION - RUE SANTOS DUMONT - DANS IMMEUBLE RECENT - AU 3EME ETAGE AVEC ASCENSEUR - STUDIO DE 31M² + BALCON 6M² COMPRENANT UNE ENTREE AVEC PLACARD - UN SEJOUR AVEC BALCON - UNE CUISINE NON EQUIPEE - UNE SALLE DE BAINS AVEC WC - CAVE - APPARTEMENT LIBRE DE SUITE. LOYER 942€ + 100€ DE PROVISIONS SUR CHARGES SOIT UN LOYER MENSUEL CHARGES ET CHAUFFAGE COMPRIS DE 1042€. FRAIS D'AGENCE LOI ALUR : 465€ DONT 93€ DE FRAIS D'ETAT DES LIEUX. 01 45 62 02 78.;2017-10-18;2017-10-24
1320903316;T2 meublé 20éme Balcon Parking Cave 4éme éta ascen;1450;//www.leboncoin.fr/locations/1320903316.htm?ca=12_s;;Paris 4ème;;17 cour du 7éme art 4éme étage donnant sur rue piétonne, grand couloir d'entrée avec penderie et meubles, salon meublé, cuisine séparée aménagée (lave linge, plaques, four, micro-ondes), chambre avec penderie , meubles et balcons, salle de bain et WC séparé, digicode en 1ére entrée et interphone sous sas, cave bétonnée aménagée, parking en sous sol, libre 1er décembre<br>loyer 1350 et 100 de provisions pour charges<br>Chaque candidat DOIT fournir un minimum d'informations par mail pour valider sa candidature;2017-10-18;2017-10-24
1321467843;Stockage - Cave - Local commercial;990;//www.leboncoin.fr/locations/1321467843.htm?ca=12_s;;Paris 4ème;43.0;Superbe cave en pierre de taille de 43m2 au sol et 3,20 mètre en haut d'arche à louer a deux pas de la place des Vosges, rue de Jarente, Paris 75004.<br>Dans une très belle copropriété, cet espace très rare à Paris, est idéal pour stockage d'archives, cave à vin, garde meuble ou atelier d'artiste.<br>- Dalle en ciment propre<br>- porte blindée<br>- pas d'humidité<br>- compteur électrique individuel<br>- point d'eau<br>- cabinet de toilette<br>- ventilation naturelle<br>- local commercial !<br>Ce local commercial ne peut néanmoins être utilisé pour des activités de réception de client, de musique, ne peut pas être utilisé la nuit, et d'une façon générale générer des nuisances pour la co-propriété.<br>Idéal pour domiciliation d'entreprise.<br>Prix du loyer CC (hors consommation électrique et eau qui sont en compteur individuel) = 23 euros du mètre carré soit 990 euros par mois CC.<br>Me contacter par email pour tout renseignement.;2017-10-18;2017-10-24
1321260419;Cave;100;//www.leboncoin.fr/locations/1321260419.htm?ca=12_s;;Paris 19ème;10.0;;2017-10-17;2017-10-24
1321091744;Grande Cave;90;//www.leboncoin.fr/locations/1321091744.htm?ca=12_s;;Paris 17ème;6.0;Cave à louer dans le 17 ème ,à proximité des métros Brochant,La fourche ..<br>Cave saine ,sécurisé (2 digicodes+porte individuelle);2017-10-17;2017-10-24
1320854737;2 pièces meublé 45 m2 avec grand balcon et cave;1300;//www.leboncoin.fr/locations/1320854737.htm?ca=12_s;;Paris 12ème;;Loue 2 pièces de 45 m2 meublé : 1 chambre, 1 grand séjour, 1 cuisine, 1 salle de bain, 1 wc, de nombreux rangements. L'appartement comprend un grand balcon filant et une cave. Immeuble ravalé et parties communes refaites récemment. Le loyer est de 1300 euros par mois charges comprises (chauffage, eau chaude et froide compris). Situé dans une rue calme à deux pas d'un quartier très commerçant. A 8 minutes à pied du métro porte de Vincennes et du métro Bel Air. Proche du tramway. L'appartement est en très bon état. Il est desservi par un ascenseur. Collocation et agences s'abstenir.;2017-10-17;2017-10-24
1123293924;Cave 12 m² Paris;225;//www.leboncoin.fr/locations/1123293924.htm?ca=12_s;;Paris 6ème;12.0;"location cave 12m2 niveau -1, escalier; hauteur max 2,4m Paris 75006<br>location longue durée preferentielle ; Fermé, sécurisé, sans problème d'humidité, n'hésitez pas à me contacter pour de plus amples informations.<br>Référence annonce : 21635";2017-10-17;2017-10-24
1185379244;Cave 4 m² Paris;155;//www.leboncoin.fr/locations/1185379244.htm?ca=12_s;;Paris 2ème;4.0;Je loue une belle cave. La cave a été refaite à neuf. Belle hauteur sous plafond et carrelage au sol. Eclairage automatique. La cave est sèche et très sécurisée: 5 portes verrouillées la séparent de la rue et je travaille dans la boutique au dessus.<br>Référence annonce : 23923;2017-10-17;2017-10-24
1146843109;Cave 3 m² Paris;75;//www.leboncoin.fr/locations/1146843109.htm?ca=12_s;;Paris 5ème;3.0;Nous mettons à dispositions plusieurs caves, situation idéale en plein coeur de Paris ! Les caves sont toutes très saines. La cave a été vidée. RDV très fréquent possibles, nous sommes à proximité. Des questions ? Contactez-nous via la messagerie du site.<br>Référence annonce : 21342;2017-10-17;2017-10-24
1116557835;Cave 5 m² Paris;181;//www.leboncoin.fr/locations/1116557835.htm?ca=12_s;;Paris 16ème;5.0;Belle cave refaite à neuf : carrelage au sol, lumière, porte en fer, quelques rayonnages. Il s'agit d'un bel immeuble bourgeois très sûr. 4 portes verrouillées séparent vos objets de la rue.<br>Référence annonce : 21045;2017-10-17;2017-10-24
1320825123;Cave à louer;70;//www.leboncoin.fr/locations/1320825123.htm?ca=12_s;;Paris 14ème;5.0;Cave à louer dans une résidence récente à Chatillon. Très sécurisé, entré avec un bip. Loyer 70 euros/mois, charges comprises.<br>Tel: 0626104097;2017-10-17;2017-10-24
1320771325;Loue Cave - Paris 15eme;75;//www.leboncoin.fr/locations/1320771325.htm?ca=12_s;;Paris 15ème;7.0;Loue cave, 7m2, rue Abbé Groult Paris 15eme entre rue Lecourbe et rue Croix Nivert.;2017-10-16;2017-10-24
1188681390;Caves de 1,5 à 5m², rue du Temple (Marais-BHV);40;//www.leboncoin.fr/locations/1188681390.htm?ca=12_s;;Paris 3ème;1.0;Plusieurs caves de toutes dimensions à louer (de 1,5m² à 5m²)<br>Situées en plein centre de Paris (angle Temple / Rivoli - Métro Hotel de Ville), caves saines (pas d'humidité, sol en béton), et très sécurisées (2 Vigiks, 2 portes blindées d'accès au sous-sol, 1 porte métallique individuelle par cave), cave éclairée individuellement<br>Locations de longue durée privilégiées (de minimum 6 mois);2017-10-16;2017-10-24
1320159632;Cave à louer la motte picquet grenelle;85;//www.leboncoin.fr/locations/1320159632.htm?ca=12_s;;Paris 15ème;6.0;Cave à louer, rue Violet, à 200m du métro la Motte-Picquet Grenelle dans un immeuble sécurisé.;2017-10-15;2017-10-24
1320147915;Cave stockage Paris;50;//www.leboncoin.fr/locations/1320147915.htm?ca=12_s;;Paris 17ème;3.0;Cave de 3m² (7m3) à louer, saine, chape de béton au sol, éclairage, sécurisée (1 digicode, 1 clef pour accéder au sous-sol, 1 clef pour accéder à la porte de la cave), plafond non vouté<br>Cave située rue de Tocqueville (17ième)<br>Location longue durée privilégiée<br>Visites uniquement les week end<br>1er contact par mail;2017-10-15;2017-10-24
1319539288;Cave Botzaris;65;//www.leboncoin.fr/locations/1319539288.htm?ca=12_s;;Paris 19ème;4.0;Paris 19ème métro Botzaris, <br>cave dans un immeuble sécurisé accessible par un ascenseur. <br>Sol en béton hauteur plafond  2m20. Superficie : 4m2;2017-10-14;2017-10-24
1319537660;Cave 14m2 Beaubourg;270;//www.leboncoin.fr/locations/1319537660.htm?ca=12_s;;Paris 3ème;14.0;Paris 75003 Beaubourg<br>Quartier de l,horloge niveau -1<br>Superficie 14 m2<br>Très saine et sécurisée, excellent état<br>2 portes d,accès<br>270Euro(s)/mois;2017-10-14;2017-10-24
1319334061;Cave Gare de Lyon saine sécurisée propre ;70;//www.leboncoin.fr/locations/1319334061.htm?ca=12_s;;Paris 12ème;3.0;Bonjour, <br>Pour une durée de location minimum de 6 mois<br>Cette cave se trouve à très grande proximité de la Gare de Lyon et est <br>Le prix comprend une assurance et une agence pour faciliter les démarches <br>Un contrat est mis en place pour le locataire et le propriétaire <br>Cave protégée par un portail à digicode permettant de rentrer dans la résidence surveillée par une gardienne + un digicode permettant de rentrer dans l'immeuble + 1 serrure permettant de rentrer dans la cave + un cadenas. Dimensions : 1M30 de largeur 1M80 de longueur 1M85 de hauteur Elle fait donc 2,5 M2 La cave étant en sous sol l'accès se fait par un petit escalier. La cave bénéficie d'un éclairage avec minuterie dans le couloir et d'une lampe à l'intérieur. <br>Elle dispose d'une chape de béton faite en 2015 pour protéger les affaires entreposées Elle est complétement vide.<br>Le déchargement en voiture est simple.;2017-10-14;2017-10-24
1318692543;Cave;350;//www.leboncoin.fr/locations/1318692543.htm?ca=12_s;;Paris 9ème;25.0;bonjour <br>je loue une cave saine dans un immeuble a Paris 75009 .<br>25 m2 sol bétonnée .<br>eclairage . porte blindee 3 point .<br>rien que pour stoker .<br>pour plus information <br>veuillez me contacter au 06 35 47 83 72.<br>pas serieux s abstenir .<br>cdlt .;2017-10-13;2017-10-24
1318819186;A louer cave;50;//www.leboncoin.fr/locations/1318819186.htm?ca=12_s;;Paris 18ème;6.0;a louer cave premier s/s propre porte neuf;2017-10-13;2017-10-24
1318693099;Cave saine et sécurisée au pied du métro;95;//www.leboncoin.fr/locations/1318693099.htm?ca=12_s;;Paris 19ème;5.0;Cave saine, sol en béton, dans immeuble sécurisé, accès avec ascenseur. Cave dans une résidence de standing 70's, accès très facile via l' ascenseur de l'immeuble . Accès permanent et sécurisé par un accès verrouillé par 1 porte avec serrure et 1 cadenas sur la porte. Cave très saine (aucune humidité ) entièrement bétonné - Idéale pour Dressing, stockage administratif , tous types d'affaires . Présence d'un gardien dans l'immeuble.;2017-10-13;2017-10-24
1318350425;Grande cave 23m2 aérée ;350;//www.leboncoin.fr/locations/1318350425.htm?ca=12_s;;Paris 13ème;23.0;Loue cave sécurisée dans Residence sécurisée facile d accès et aérée par 4 soupiraux dans belle résidence située au 10 rue Lebrun (ancien crédit lyonnais 75013 paris )<br>La cave est idéal pour du stockage de documents car c était la réserve du crédit lyonnais;2017-10-12;2017-10-24
1318055429;Cave 4m2 Paris Convention;100;//www.leboncoin.fr/locations/1318055429.htm?ca=12_s;;Paris 15ème;4.0;Cave sécurisée en sous-sol<br>Accès depuis la rue par digicode puis porte de hall avec clé puis porte menant à la cave avec clé et porte de la cave avec cadenas.<br>Louée entièrement vide.<br>J'y stockais de la nourriture donc aucun problème d'humidité.<br>Disponible de suite;2017-10-11;2017-10-24
1317593353;Cave 11ème, environ 8\9 m2;50;//www.leboncoin.fr/locations/1317593353.htm?ca=12_s;;Paris 11ème;8.0;Bonjour, je loue ma cave pour 50 euros par moi , entre République et Goncourt .<br>Pour plus d'informations, vous pouvez me joindre au 0668690963;2017-10-10;2017-10-24
1316838412;Cave 7m² sécurisée;125;//www.leboncoin.fr/locations/1316838412.htm?ca=12_s;;Paris 15ème;7.0;Grande cave de 7m², belle hauteur.<br>Située rue de Dantzig dans le 15ème.<br>Sol en béton.<br>Elle est saine, pas d'humidité et aération naturelle par des fentes sur le haut des murs. Pas de passage de canalisations.<br>Prise électrique à l'intérieur de la cave + interrupteur pour la lumière.<br>Immeuble des années 70, sécurisé : accès par badge à l'entrée et second accès par badge dans l'ascenseur.<br>Porte pleine et sécurisée avec système de clé complexe.<br>Elle sera louée vide.<br>Disponible immédiatement.;2017-10-09;2017-10-24
1316190671;Cave ventilée à partager Paris 10;50;//www.leboncoin.fr/locations/1316190671.htm?ca=12_s;;Paris 10ème;10.0;Bonjour,<br>Nous proposons de partager notre cave saine ventilée de 10m2 située rue du Faubourg Saint-Martin dans le 10e à Paris. <br>2 Portes sécurisées à l'entrée de l'immeuble, cave situé au 1e sous-sol, avec porte verrouillée. Elle est éclairée et ventilée. <br>Idéal pour entreposer des bouteilles de vins, documents comptables, des box de vêtements ....<br>Contact par mail, réponse instantanée.;2017-10-08;2017-10-24
1315936088;Cave à louer 230 rue du Fbg Saint Honoré 75008;90;//www.leboncoin.fr/locations/1315936088.htm?ca=12_s;;Paris 8ème;4.0;Cave stockage sécurisée au 230 rue du faubourg saint honoré - 75008 PARIS.<br>CAVE à louer :<br>230 rue du faubourg saint honoré<br>75008 PARIS<br>Métro Ligne 1: Charles De Gaule Étoile<br>Au 1er sous-sol d'un immeuble de standing totalement sécurisé, avec gardien 24h sur 24h.<br>Accès cave par ascenseur, porte blindée, avec luminaire à l'intérieure de la cave, grande hauteur sous plafond d'environ 2,90m2, superficie de la cave environ de 4m2.<br>Idéale pour archiver ou stocker ses effets personnels ou professionnels<br>Location de longue durée souhaitée, locataires pas sérieux s'abstenir!<br>Loyer mensuel : 90 euros C.C<br>Contact uniquement par téléphone :<br>06.80.80.86.94;2017-10-07;2017-10-24
1315254920;A LOUER CAVE M° GUY MOQUET 50 €/m;50;//www.leboncoin.fr/locations/1315254920.htm?ca=12_s;;Paris 18ème;5.0;A louer une cave au 1er sous-sol sécurisé par code et serrure non loin du M° GUY MOQUET<br>Elle est équipée d'étagères dans immeuble bourgeois.<br>50 € PAR MOIS CC<br>tel 0651550365;2017-10-06;2017-10-23
1314899622;CAVE 15eme;90;//www.leboncoin.fr/locations/1314899622.htm?ca=12_s;;Paris 15ème;6.0;A LOUER CAVE de 6 m2 et d'une hauteur de 2m aménagée d'étagères sur la longueur.<br>Proche du métro convention<br>Dans la rue Ferdinand  FABRE dans immeuble sécurisé.<br>Accessible par code et clé.<br>Loyer de 90€<br>Tél 06.67.14.71.81<br>Photo sur demande<br>Visitable à partir du samedi 14 octobre;2017-10-05;2017-10-24
1314616729;Location cave;55;//www.leboncoin.fr/locations/1314616729.htm?ca=12_s;;Paris 14ème;3.0;Cave   saine,   sans   humidité,   refaite   à   neuf.   Accessible   par   digicode   pour   l'entrée   dans   l'immeuble   puis   clé   pour   descente   à   la   cave   au   sous-sol.;2017-10-05;2017-10-24
1314482549;Grande cave Bd Haussmann/ Miromesnil;120;//www.leboncoin.fr/locations/1314482549.htm?ca=12_s;;Paris 8ème;10.0;loue grande cave avec etageres , ideale pour archivage ,   située  Bd Haussmann, niveau rue de Miromesnil<br>si appelle tel, n'oubliez pas de laisser vos coordonnées pour rappel;2017-10-05;2017-10-24
1313580789;Espaces caves pour stocker;50;//www.leboncoin.fr/locations/1313580789.htm?ca=12_s;;Paris 11ème;5.0;A louer cave saine située au 11 rue fontaine au roi;2017-10-03;2017-10-24
1313416394;Stockage : Cave à louer à Paris 7;80;//www.leboncoin.fr/locations/1313416394.htm?ca=12_s;;Paris 7ème;10.0;Besoin d'un espace de stockage ? Je loue une cave de 10m2. La pièce est saine et bien éclairée. La cave se situe rue Vaneau.;2017-10-02;2017-10-24
1142483151;CAVE DE 2 m² BIEN SECHE ET SECURISEE;50;//www.leboncoin.fr/locations/1142483151.htm?ca=12_s;;Paris 18ème;2.0;A LOUER CAVE DE m² DANS IMMEUBLE SECURISE.<br>LA CAVE EST BIEN SECHE  AU 2 IEM SOUS SOL;2017-10-02;2017-10-24
1312779809;Location cave 63 bd Raspail paris;40;//www.leboncoin.fr/locations/1312779809.htm?ca=12_s;;Paris 6ème;5.0;Je loue au 63 bd Raspail une cave de 4-5m2 au 2ème sous sol accessible par ascenseur sécurisé par une clé.<br>Idéale pour la conservation des vins/ entreposage d’objets.<br>Justin.emard@outlook.com<br>06 11 72 70 69;2017-10-01;2017-10-24
1312616868;Cave pour Stockage de 6m3;60;//www.leboncoin.fr/locations/1312616868.htm?ca=12_s;;Paris 11ème;6.0;Location cave, sol béton, saine dans un immeuble des années 1970.<br>Située rue amelot – Métro Saint Sébastien Froissard.<br>Volume de stockage de 6m3 (2,00m x 1,35m x H2,26m)<br>Emplacement cave accessible par badge et par clé. Idéal stockage / rangements<br>Location de longue durée privilégiée.;2017-10-01;2017-10-24
1312406062;Cave à louer;40;//www.leboncoin.fr/locations/1312406062.htm?ca=12_s;;Paris 11ème;4.0;"Cave , située dans le boulevard Voltaire (11ème arrondissement), à 50 m de la station Rue des boulets , proche de Nation. Cave de 3;5m2, fermée à clef, avec hauteur sous plafond normale, . Accès sécurisé (gardien + 2 digicodes) .";2017-10-01;2017-10-24
1169302987;EXCLUSIVITE Cave à louer (Paris 3ème);378;//www.leboncoin.fr/locations/1169302987.htm?ca=12_s;;Paris 3ème;28.0;Cave d’une surface d'environ 28m² en plein centre de Paris, rue de Turenne (Paris 3ème) près du métro « chemin vert » (ligne 8), à deux pas de la place des Vosges. <br>Idéal pour le stockage, garde meuble voire « atelier » : cave saine avec chape de béton, éclairage individuel aux normes et sécurisée (porte avec digicode, porte individuelle avec serrure à clef, et porte blindée).<br>La cave se compose de deux pièces<br>Location au prix de 290 € HT (348 €TTC) + 30 € de charges mois.<br>Contrat souple.<br>Pas d’activité avec réception de public et nuisances sonores !;2017-09-29;2017-10-24
1311371606;Cave à louer quartier Blanche Paris 9ieme;100;//www.leboncoin.fr/locations/1311371606.htm?ca=12_s;;Paris 9ème;9.0;Loue plusieurs caves saines dans immeuble, située rue Blanche / Paul Escudier / Chaptal au sous-sol, belle hauteur.<br>Plusieurs tailles de disponibles a louer individuellement ou lot.  <br>Pas de produits inflammables, ni produits dangereux, ni nuisance sonore, ni habitation<br>Dimensions approximatives:<br>Dimensions 235 x 170<br>Surface 4 M2 <br>Hauteur 260<br>Volume 9 m3<br>Prix 100 euros par mois / 1,200 euros par an;2017-09-29;2017-10-24
1311333524;Pernety 75014 cave securisee;70;//www.leboncoin.fr/locations/1311333524.htm?ca=12_s;;Paris 14ème;0.0;"Bonjour,<br>Loue CAVE rue ""Pernety"" dans le 14ème<br>Assez grande environ 6 m2 avec éclairage intérieur<br>Immeuble digicode et vidéophone + serrure caves générales + serrure cave<br>Photos ou visites à votre disposition";2017-09-29;2017-10-24
1310002795;Location cave Cambronne;120;//www.leboncoin.fr/locations/1310002795.htm?ca=12_s;;Paris 15ème;8.0;je sous loue ma cave bien equipee d'etageres d'environ 8 m2 a cambronne;2017-09-27;2017-10-24
1310555524;Cave à louer;230;//www.leboncoin.fr/locations/1310555524.htm?ca=12_s;;Paris 18ème;9.0;Bonjour,je loue mon cave  hauteur 2metre largeur 2metre;2017-09-27;2017-10-24
1310345510;A louer, cave 8m2 à Paris 2ème;160;//www.leboncoin.fr/locations/1310345510.htm?ca=12_s;;Paris 2ème;8.0;;2017-09-27;2017-10-24
1309564557;Cave;300;//www.leboncoin.fr/locations/1309564557.htm?ca=12_s;;Paris 12ème;16.0;Entre 8:00 - 20:00;2017-09-25;2017-10-24
1309448040;Cave 6m² rue Montgallet 75012;60;//www.leboncoin.fr/locations/1309448040.htm?ca=12_s;;Paris 12ème;6.0;Je loue ma cave d'environ 6m² située rue Montgallet à Paris dans le 12e. <br>Elle est située au 2e sous sol d'un immeuble des années 30 avec accès sécurisé.<br>Des étagères sont déjà en place.;2017-09-25;2017-10-24
1309375042;Cave à louer quartier Blanche Paris 9ieme;280;//www.leboncoin.fr/locations/1309375042.htm?ca=12_s;;Paris 9ème;18.0;Loue belle cave seine dans immeuble, située rue Blanche / Paul Escudier / Chaptal au sous-sol, belle hauteur de 2.50m.<br>Pas de produits inflammables, ni produits dangereux, ni nuisance sonore<br>Cave en 2 parties:  Dimensions approximatives:<br>360x220 + 500x200 = 18m2   volume: 40m3<br>Prix 280 euros par mois / 3,300 euros par an;2017-09-25;2017-10-24
1309329957;Cave 1 pièce 10 m²;80;//www.leboncoin.fr/locations/1309329957.htm?ca=12_s;;Paris 8ème;10.0;Cave de 5 m2 située 166 rue du Faubourg Saint Honoré - 75008 Paris<br> Cave située au 1er sous-sol d'un immeuble de standing et très bien entretenu. Sous-sol sécurisé via un accès se faisant par code + clé.<br> Pour tous renseignements et demandes de visite, n'hésitez pas à nous contacter.<br>Référence annonce : LCA40000025<br>Honoraires à la charge du locataire : 100 € TTC dont 10 € pour l'état des lieux<br>Dépôt de garantie : 100 €;2017-09-25;2017-10-24
1309063222;Cave 7m2 / 15m3 au 54 rue saint Maur;80;//www.leboncoin.fr/locations/1309063222.htm?ca=12_s;;Paris 11ème;7.0;Cave à louer de 7 m2<br>1,4m * 4,7m * H2,3m<br>Endroit propre et sec<br>Emplacement cave accessible par badge et par clé.<br>Libre de suite<br>Premier contact par email.;2017-09-24;2017-10-23
1308695190;Cave Charonne 6m²;60;//www.leboncoin.fr/locations/1308695190.htm?ca=12_s;;Paris 11ème;6.0;Bonjour, <br>Je propose à la location une cave de 6 m² en premier sous sol d'un bel immeuble ancien. <br>L'accès à la cave est sécurisé par un digicode et deux portes avec clé. <br>Point lumineux. <br>Idéal stockage / rangements. Disponible immédiatement.<br>Cave saine. <br>Loyer : 60 € / mois charges comprises.<br>Premier contact par téléphone.;2017-09-24;2017-10-24
1308610678;Cave à louer Paris 19ème;80;//www.leboncoin.fr/locations/1308610678.htm?ca=12_s;;Paris 19ème;4.0;Loue belle cave 4 m2, saine et assez profonde à Paris 19ème.<br>Me contacter au 0617670066.;2017-09-24;2017-10-24
1164164413;Location grande cave Paris 7;250;//www.leboncoin.fr/locations/1164164413.htm?ca=12_s;;Paris 7ème;8.0;Loue grande cave dans un bel immeuble haussmannien à Paris 7e (métro Varenne ou Solferino).<br>Contenance : 20 m3 environ.<br>Superficie : 8 m2.<br>Hauteur sous plafond (non voûté) : 2,50 m.<br>Très saine sans humidité (sol et murs en béton), sécurisée (gardien + code pour porte d’accès à l’immeuble + clef pour porte d’accès au sous-sol + clef pour porte de la cave), éclairage individuel, prise électrique à proximité, trois meubles de rangement et étagères.<br>Idéal pour stockage/entreposage.<br>Pas d’activité avec réception du public ou nuisance sonore.<br>Location de longue durée de préférence.;2017-09-20;2017-10-24
1306558660;Cave de stokage 18 m2;240;//www.leboncoin.fr/locations/1306558660.htm?ca=12_s;;Paris 13ème;18.0;"Quartier"" Port Royal""<br>Dans résidence calme et sécurisée de jour comme de nuit (gardien)<br>Proche RER B et métro 6<br>Loue cave en sous sol, pour particulier ou professionnel<br>Cave saine et bétonnée de 18m2<br>Idéal pour stocker des meubles ou du matériel pro<br>Libre <br>240 euros CC<br>Possibilité de se garer dans la résidence pour décharger ou charger<br>Pas d'accès voiture dans la cave";2017-09-19;2017-10-24
1306454341;Cave à Paris 5, à partager avec le propriétaire;120;//www.leboncoin.fr/locations/1306454341.htm?ca=12_s;;Paris 5ème;8.0;Cave à Paris 5, secteur Val de Grace. Saine et sécurisée. La cave fait 13 m2, mais elle est occupée par 1/3.;2017-09-19;2017-10-24
1306447545;Grande cave près de la rue Mouffetard;140;//www.leboncoin.fr/locations/1306447545.htm?ca=12_s;;Paris 5ème;11.0;Grande cave voûtée, sol en pierre, haute sous plafond, saine et sécurisée. Située dans la rue Berthollet, tout près de la rue Mouffetard. Disponible à partir du 1 octobre. ;2017-09-19;2017-10-24
1306353522;Cave rue de ravignan;50;//www.leboncoin.fr/locations/1306353522.htm?ca=12_s;;Paris 18ème;2.0;bonjour,<br>je loue une cave saine et sécurisée rue de ravignan (metro abesse).<br>50€/mois ou 140€/trimestre.;2017-09-19;2017-10-24
1306297017;Cave 1er sous-sol métro Maraîchers 3 m2;35;//www.leboncoin.fr/locations/1306297017.htm?ca=12_s;;Paris 20ème;3.0;Loue cave saine pour stockage. <br>Bail commercial ou civil<br>Pas assujetti à la TVA.<br>Porte en bois avec cadenas, copropriété tranquille et sécurisée.<br>pas de passage répété, pas de nuisances ni produits dangereux, pas de possibilité de stationnement.;2017-09-19;2017-10-24
1306049905;Cave Paris 10eme;100;//www.leboncoin.fr/locations/1306049905.htm?ca=12_s;;Paris 10ème;3.0;;2017-09-18;2017-10-24
579517018;Cave 6m3, sécurisée pour stockage--M°Gare de Lyon;50;//www.leboncoin.fr/locations/579517018.htm?ca=12_s;;Paris 12ème;2.0;;2017-09-16;2017-10-24
579352204;Cave 9m3, sécurisée pour stockage--M°Gare de Lyon;65;//www.leboncoin.fr/locations/579352204.htm?ca=12_s;;Paris 12ème;3.0;;2017-09-16;2017-10-24
1304273778;Cave Paris 11;80;//www.leboncoin.fr/locations/1304273778.htm?ca=12_s;;Paris 11ème;5.0;Location cave saine au premier sous sol d'immeuble ancien. Hauteur sous plafond environ 2,3m. Accès par escalier de 90cm de largeur. Immeuble situé sur la rue Chemin Vert entre les metro rue Saint Maur, Voltaire et Père Lachaise.;2017-09-15;2017-10-24
1304090670;Cave atelier de 8m2, entièrement rénovée;170;//www.leboncoin.fr/locations/1304090670.htm?ca=12_s;;Paris 17ème;8.0;Loue cave en sous-sol de 8 m², dans le quartier des Batignolles, à proximité des stations de métro La Fourche, Rome et Brochant. Pièce entièrement rénovée : dalle de béton au sol recouverte de plancher, éclairage et prises de courants, tableau électrique et compteur électrique individuels. Ventilation installée : extracteur d'air à très faible consommation, permettant une circulation et un renouvellement d'air permanent. Point d'eau juste à côté. Accès internet haut débit / ligne fixe possible : ligne ADSL et ligne fibre optique créées.<br>Possibilité de domiciliation : boite aux lettres associée à la cave.<br>Idéal stockage, ou pour artisan (atelier), artiste ou autoentrepreneur / auto entrepreneur pour activité sans nuisances sonores (pas d'activité liée à la musique, merci) et sans réception de public. Autres<br>possibilités : bureau, stockage, local d'archives, garde meuble, activités associatives, studio photo ou vidéo (montage), activités manuelles ou artistiques, toujours sans nuisances sonores. Ne convient pas à l'habitation, bien entendu.<br>Un sculpteur et un auto-entrepreneur étaient précédemment dans les lieux.<br>Accès très sécurisé : 2 portes avec digicodes pour entrer dans l'immeuble, porte d'accès au sous-sol verrouillée et cave sécurisée par porte blindée.<br>Local très sain, très bien ventilé comme indiqué plus haut, grande hauteur sous plafond (2m65).<br>Réponse par email, merci de laisser votre numéro de téléphone.;2017-09-15;2017-10-24
939010375;Cave dans paris 9;60;//www.leboncoin.fr/locations/939010375.htm?ca=12_s;;Paris 9ème;8.0;POUR 1 MOIS, 2  MOIS ,1 AN ..... ET PLUS<br>BELLES CAVES  saines   6 m 2  ,   4 m 2   & 3 /3 M<br> EN PIERRE DE TAILLE, AVEC PORTE BLINDÉE <br> rue du faubourg poissonnière Paris 9<br>SITUÉE EN SOUS SOL 10 MARCHES hauteur du plafond 2 m<br>SOL EN TERRE BATTUE TRÈS SÈCHE CONVIENT POUR CAVE A VIN,<br> DÉMÉNAGEMENT, divers , ETC...<br>_pas DE PRODUIT INFLAMMABLE<br>_pas DE NUISANCE SONORE<br>SÉCURITÉ: DIGICODE, 3 PORTES AVANT D  Y AVOIR ACCÈS, <br>CONTACTE PAR MAIL OU TÉLÉPHONE 0617776014;2017-09-15;2017-10-24
1303796113;Caves de 11M2 Paris 3;225;//www.leboncoin.fr/locations/1303796113.htm?ca=12_s;;Paris 3ème;11.0;Bonjour à tous,<br>Je loue une cave en sous sol de 11m² facile d'accès avec sol en terre battue et solide porte en bois.<br>Cette dernière est située 23 Rue notre Dame de Nazareth, une rue commerçante.<br>1er contact par email pour plus d'information.;2017-09-15;2017-10-24
1303607597;location cave Brochant/Guy moquet;50;//www.leboncoin.fr/locations/1303607597.htm?ca=12_s;;Paris 17ème;5.0;DESCRIPTION<br>Bonjour ! Je sous loue ma cave. Accès immeuble sécurisé par digicode et interphone. Accès cave sécurisé par une porte en bois solide fermée à clef et la cave est également fermé d'une porte en a bois avec cadenas. L'accès n'est pas libre mais avec prise de rendez vous, je suis rapidement disponible.<br>CARACTÉRISTIQUES<br>Accessible par escalier<br>Espace en sous sol<br>Porte large (entre 1 et 2m)<br>Digicode<br>Eclairage<br>Prise électrique;2017-09-14;2017-10-24
1303287063;Cave de 8m2 Paris 7;200;//www.leboncoin.fr/locations/1303287063.htm?ca=12_s;;Paris 7ème;8.0;Bonjour à tous,<br>Je loue une cave  de 8m2 située rue Saint Dominique, à 5 minute du métro 7 La Tour Maubourg. située au sous-sol d'une copropriété bien entretenu dont les travaux de réfections des fondations viennent d'être effectués. Le sol est en terre battue et la porte en bois.;2017-09-13;2017-10-24
1302581135;Location appartement 14 m2 + cave 17 eme;665;//www.leboncoin.fr/locations/1302581135.htm?ca=12_s;;Paris 17ème;;"Bonjour,<br>Appartement à louer à partir du 01/10/2017 de 14 m2 avec cave d'environ 10 m2 dans une résidence de type haussmannien sécurisée (3 digicodes) se situant au 5 eme étage sans ascenseur.<br>L'appartement a été refait en juin 2014 (seul la faïence doit être refaite en dessous de la douche ; travaux prévus en novembre).<br>Idéal étudiant (lit mezzanine avec bureau en dessous)<br>Loyer de 665 euros charges comprises<br>Possibilité d'envoyer des photos.<br>L'appartement se situe à 50 mètres de l’arrêt ROME dans une rue tranquille";2017-09-13;2017-10-24
1189356525;Cave 11ème, environ 8\9 m2;70;//www.leboncoin.fr/locations/1189356525.htm?ca=12_s;;Paris 11ème;8.0;Je loue ma  cave située  entre République  et Goncourt. Elle fait à peu près 8\9 m2. <br>N'hésitez pas à  me contacter pour plus de questions.<br>Dispo desuite  !<br>Tel: 06.68.69.09.63;2017-09-12;2017-10-24
1189144915;Caves de 2,5 à 7m² - M° Ménilmontant/Couronnes;50;//www.leboncoin.fr/locations/1189144915.htm?ca=12_s;;Paris 20ème;2.0;Plusieurs caves de 2,5m² (5m3) à 7m² (14m3) à louer, de 50€ à 110€<br>Caves sécurisées (Vigik + porte d'accès au sous-sol + porte métallique renforcée individuelle), très saines (pas d'humidité)<br>Situées rue du Liban (M° Ménilmontant ou Couronnes)<br>Je privilégie les locations de longues durées (c'est-à-dire de minimum 6 mois);2017-09-12;2017-10-24
1188610567;Cave saine et sécurisée - M° Jules Joffrin;60;//www.leboncoin.fr/locations/1188610567.htm?ca=12_s;;Paris 18ème;3.0;Cave à louer de 2.5m² ( 6m3), rue Duhesme (Métro Jules Joffrin)<br>Cave saine (pas d'humidité), propre (béton au sol), et sécurisée (digicode, puis porte d'accès au sous-sol à clef, puis porte individuelle à clef)<br>Je privilégie les locations longues durées (i.e. de minimum 6 mois);2017-09-11;2017-10-24
1188549846;Location de caves à Paris rive gauche 5e et 13e;60;//www.leboncoin.fr/locations/1188549846.htm?ca=12_s;;Paris 5ème;5.0;Plusieurs caves à louer de 4 à 7m2, notamment dans le 5e et 13e arrondissement de Paris;2017-09-11;2017-10-24
1188530759;Cave à louer quartier Trudaine/Martyrs;100;//www.leboncoin.fr/locations/1188530759.htm?ca=12_s;;Paris 9ème;10.0;Loue cave dans immeuble (concierge 24/24), située au sous-sol avec 3 accès sécurisés, grande hauteur sous plafond, sol en terre battue (la cave est vide aujourd'hui).<br>Surface:  10m²<br>Localisation: avenue Trudaine, à côté de la rue des Martyrs<br>Prix: 100€/mois ou 1.200€/an (prix charges comprises).;2017-09-11;2017-10-24
1188415174;Grande cave Trocadero;170;//www.leboncoin.fr/locations/1188415174.htm?ca=12_s;;Paris 17ème;10.0;;2017-09-10;2017-10-24
1187732590;Cave à louer;35;//www.leboncoin.fr/locations/1187732590.htm?ca=12_s;;Paris 14ème;8.0;A louer cave dans le 14e arrondissement. Proche métro Plaisance et Pernety.<br>Surface entre 5 et 10 m² - à venir voir avant décision.<br>Disponible de septembre 2017 au 20 juillet 2018. C'est une partie de ma cave. <br>Vous pourrez en disposer à votre convenance en prévenant à l'avance. <br>Lieu sûr et discret. Objets de valeurs déconseillés.<br>Merci de me contacter par mail ou sms.<br>Cordialement.<br>Prix : 35 euros par mois;2017-09-09;2017-10-24
1187602235;Cave sur Paris 10ème  Rue La Fayette;110;//www.leboncoin.fr/locations/1187602235.htm?ca=12_s;;Paris 10ème;10.0;Bonjour <br>Je loue une cave d'environ 9 mètres carrés équipée d'une prise et lumière  très propre et bien aérée avec   <br>un accès bien sécurisé par une porte blindé et 2 digicodes. <br>Merci de me contacter si vous êtes vraiment intéressé (de préférence par SMS ).;2017-09-09;2017-10-24
1187360034;Cave paris 10 - 12m3 / saine / sécurisée ;70;//www.leboncoin.fr/locations/1187360034.htm?ca=12_s;;Paris 10ème;4.0;- Loue cave dans résidence sécurisée (2 codes / 1 clé / 1 gardienne très présente) <br>- aucun problème d'humidité <br>- 12m3 avec très grande hauteur sous plafond de 3,5 m pour une superficie de 4m2<br>- Quartier calme et agréable <br>- Copropriété de très belle prestation et très agréable <br>- possibilité de se mettre sur le bateau le temps du déchargement ou sur les nombreuses places livraison à 10 mètres <br>- Le prix comprend une assurance et un intermédiaire pour gérer le contrat et la transaction financière mensuelle <br>- accessible via la station Strasbourg saint denis (metro 4 / 8 / 9 ) ou la Gare de l'Est ou Les bus 20 et 39;2017-09-09;2017-10-24
1187191665;Loue cave Paris 7ème;90;//www.leboncoin.fr/locations/1187191665.htm?ca=12_s;;Paris 7ème;3.0;Loue cave dans un bel immeuble Pierre de Paris à Paris 7e Quartier du Gros Caillou rue de l'Exposition (métro Ecole Militaire).<br>Contenance : 8 m3 environ.<br>Superficie : 3 m2.<br>Hauteur sous plafond (non voûté) : 2,50 m.<br>Caves renovées récemment, sécurisées (code pour porte d'accès à l'immeuble + 2ème code pour sas + clef pour porte d'accès au sous-sol + clef pour porte de la cave).<br>Idéal pour stockage/entreposage.<br>Pas d'activité avec réception du public ou nuisance sonore.<br>Location de longue durée de préférence.<br>Premier contact par courriel. merci.;2017-09-08;2017-10-24
1187130293;Cave entièrement rénovée, proche rue des Martyrs;250;//www.leboncoin.fr/locations/1187130293.htm?ca=12_s;;Paris 9ème;14.0;Cave entièrement rénovée de 14m2, dans le quartier Lorette/Martyrs, proche des stations de métro Cadet (ligne 7) et Saint-Georges / Notre-Dame de Lorette (ligne 12).<br> <br>Pouvant service de local de stockage ou d'atelier / bureau pour artiste ou artisan. Pas d'activité avec réception de public, ni activité avec nuisances sonores (pas d'activité musicale). En aucun cas destiné à l'habitation.<br>Autres possibilités : local d'archives, garde meuble, activités associatives, studio photo ou vidéo (montage), activités manuelles ou artistiques, toujours sans nuisances sonores.<br> <br>WC commun et point d'eau. Possibilité de domiciliation avec boite aux lettres attachée à la cave.<br> <br>Les conditions de stockage sont excellentes, grâce à un extracteur d'air puissant assurant un renouvellement d'air permanent.<br> <br>Dalle de béton au sol, porte blindée, éclairage et prises de courants, tableau électrique et compteur électrique individuels. Ventilation installée : extracteur d'air à très faible consommation, permettant une circulation et un renouvellement d'air permanent. <br> <br>Accès très sécurisé : porte cochère avec digicode puis porte d'accès au sous-sol verrouillée et cave sécurisée par porte blindée.<br> <br>Grande hauteur sous plafond (2,95m).<br> <br>Réponse par email, merci de laisser votre numéro de téléphone.;2017-09-08;2017-10-24
806997352;Grande cave saine et sécurisée, rue Cardinet;100;//www.leboncoin.fr/locations/806997352.htm?ca=12_s;;Paris 17ème;5.0;Je loue une cave dans le 17ième, rue Cardinet (en face d'Une Pièce en Plus), à proximité des métros Brochant, Rome, Villers, Malesherbes et Wagram<br>Cave saine (soupirail d'aération), sécurisée (2 digicodes + porte d'accès au sous-sols + porte individuelle) et éclairée<br>Chape en béton au sol<br>Superficie de 4,8m² (2.4 x 2.05) et 2.20m de hauteur sous plafond (non-voutée)<br>Loyer de 100€ / mois (charges comprises)<br>J'ai également d'autres caves disponibles plus grandes (jusqu'à 7.5m²) situées au même endroit<br>Je privilégie les locations de longue durée;2017-09-08;2017-10-24
1185862550;Loue Appart. T2 - 42m² + cave- Paris 12e Daumesnil;1450;//www.leboncoin.fr/locations/1185862550.htm?ca=12_s;;Paris 12ème;;Loue Appartement T2 de 42m² non meublé dans le 12eme arrond. de Paris, <br>à 1min du métro Daumesnil et proche de toutes commodités. <br>Calme et lumineux, donnant sur cour paysagée, avec balcon et très peu de vis à vis.<br>Chambre de 10m² avec grand placard intégré / Cuisine toute équipée (plaque vitro céramique/lave linge / lave vaisselle /Four / Frigo / congélateur) donnant sur le salon avec porte à galandage. <br>Salon de 27m² agréable avec porte vitrée donnant sur balcon filant et jardin.<br>Salle de bain avec sèche serviette et un 'grand' WC séparé avec lave mains. <br>Cave de 4 m² en sous sol. <br>Loyer de 1 425 € CC (1250€ de loyer et 165€ de Charges)<br>Disponible immédiatement - Visite possible le samedi 15 Sept.<br>Appeler pour définir une heure de visite.;2017-09-06;2017-10-24
1159074747;CAVE;90;//www.leboncoin.fr/locations/1159074747.htm?ca=12_s;;Paris 14ème;3.0;Loue cave très saine .<br>3 m2 / 6m3.<br>Pas biscornue. <br>Murs droits. <br>Rue tombe issoire <br>Accès sécurisé par digicode entrée immeuble +clefs ascenseur et porte pour le sous sol.<br>Vidéo surveillance.;2017-09-05;2017-10-24
964383419;Caves - M° République (75003);65;//www.leboncoin.fr/locations/964383419.htm?ca=12_s;;Paris 3ème;3.0;2 caves à louer rue Béranger (Métro Républiques):<br>- l'une de 3.2m² (6.0m3) à 65€<br>- l'autre de 4.2m² (7.5m3)  à 90€<br>Les caves sont très sécurisées (2 digicodes, porte blindée d'accès au sous-sol, portes métalliques individuelles), accessibles 24/24 et 7/7, chape de béton au sol, éclairage individuel et hygrométrie contrôlée (pas d'humidité)<br>Location longue durée privilégiée;2017-09-05;2017-10-24
1074494005;Cave 7m2 Paris 16 Maison de la Radio Assomption;100;//www.leboncoin.fr/locations/1074494005.htm?ca=12_s;;Paris 16ème;7.0;Cave à louer Assomption / Maison de la Radio, 7 m2, sèche, dans un immeuble sécurisé PdT, gardienne, digicode.;2017-09-04;2017-10-24
1131769182;Cave saine 3m² (7m3), rue Cardinet;65;//www.leboncoin.fr/locations/1131769182.htm?ca=12_s;;Paris 17ème;3.0;Cave de 3m² (7m3) à louer, saine, chape de béton au sol, éclairage, sécurisée (2 digicodes, 1 clef pour accéder au sous-sol, 1 clef pour accéder à la porte de la cave), plafond non vouté<br>Cave située rue Cardinet (17ième)<br>Location longue durée privilégiée;2017-09-04;2017-10-24
1181650571;Lumineux 2 pièces, terrasse, cave et parking;1490;//www.leboncoin.fr/locations/1181650571.htm?ca=12_s;;Paris 19ème;;Métro Crimée, Ligne7, à deux pas du Parc de la Villette et du Philarmonique de Paris, des cinémasMK2,  non loin du Parc des Buttes-Chaumont dans un quartier commerçant, nous vous proposons ce très bel appartement, orienté S/O, de 2 pièces situé au 2ème étage avec ascenseur dans un immeuble récent de bon standing avec digicode, interphone et gardiennage. L’appartement de 46 m² est lumineux et parfaitement entretenu. Les meubles, équipements et le linge permettent d’y vivre immédiatement. Il dispose d’un agréable balcon dinatoire donnant sur le séjour et offrant une vue sans vis-à-vis sur une place arborée et sur le Canal de l’Ourcq. Ce bien, loué avec un parking dans l’immeuble, propose un plan en étoile et se compose d’une entrée, d’un séjour avec cuisine mi américaine, d’un petit couloir débouchant sur l’espace privatif avec une chambre, une salle de bain et les toilettes séparées. Une cave complète ce bien. Location meublée d’un an renouvelable. 1330€/mois – charges : 160€ – Agences s’abstenir. Contact uniquement par Tél. : 06-20-17-42-94.;2017-09-04;2017-10-24
1185088190;Cave à louer 17ème (75017);90;//www.leboncoin.fr/locations/1185088190.htm?ca=12_s;;Paris 17ème;8.0;Cave à louer très bon état non humide chape béton au sol parfait pour conservation de tout type de biens <br>Photos et visite sur demande;2017-09-04;2017-10-24
1185040686;Cave 4m2 sol béton porte blindée accès sécurisé;120;//www.leboncoin.fr/locations/1185040686.htm?ca=12_s;;Paris 12ème;4.0;Loue cave 4m2 secteur Damesnil (Paris 12), sol bétonné, porte blindée, étagères, accès immeuble sécurisé.<br>120 euros par mois.;2017-09-04;2017-10-24
1183475902;75004 Paris Cave idéale rangement, stockage,...;70;//www.leboncoin.fr/locations/1183475902.htm?ca=12_s;;Paris 4ème;4.0;Bonjour, <br>nous proposons à la location une cave de 4 m2 (mais aussi 9 m3) idéale pour ranger, stocker,....meubles, objets...<br>Elle est sécurisée par 3 portes, facile d'accès. <br>Elle se situe rue des Rosiers dans le 4ème arrondissement de Paris.<br>Elle est parfaitement sèche et saine. <br>Merci d'appeler aux heures de repas au 06 29 46 10 09.<br>Bien à vous.<br>Bertrand;2017-09-01;2017-10-24
1183121272;Cave à louer Paris 16 (secteur Passy);190;//www.leboncoin.fr/locations/1183121272.htm?ca=12_s;;Paris 16ème;6.0;Cave à louer Paris 16, secteur Passy (Rue de la Tour) dans un immeuble sécurisé (digicode, gardien).<br>6 m2 , loués 190 Eu + 10 Eu de charges / mois. <br>Cave saine (sol béton, étagères), idéal pour un stockage en toute sérénité.;2017-08-31;2017-10-24
1156715639;Cave sécurisée rue d'aligre 4m2;90;//www.leboncoin.fr/locations/1156715639.htm?ca=12_s;;Paris 12ème;4.0;Rare, cave Rue d'Aligre de 4m2 pour location dans copropriété, sécurisée par plusieurs portes avant accès à l'espace de stockage. <br>La cave est saine et n'est pas humide. <br>Le prix comprend une assurance pour vos biens et un intermédiaire pour la réalisation du contrat et la gestion automatique de la transaction pour le loyer mensuel.;2017-08-31;2017-10-24
1182999036;Cave a louer;100;//www.leboncoin.fr/locations/1182999036.htm?ca=12_s;;Paris 16ème;5.0;;2017-08-31;2017-10-24
1182376618;Location cave 6m2 place monge 75005 paris;120;//www.leboncoin.fr/locations/1182376618.htm?ca=12_s;;Paris 5ème;6.0;Location cave 6m2 Place Monge 75005 PARIS avec badge d'accès à l'immeuble laissé au locataire pour un usage exclusif et avec un accès illimité. Cave propre,  fermée à clé (également donnée au locataire) et au -1.;2017-08-29;2017-10-24
1155975415;Cave Paris 16ème;160;//www.leboncoin.fr/locations/1155975415.htm?ca=12_s;;Paris 16ème;11.0;Paris - 75116. Grande cave avec hauteur sous plafond importante. <br>Au premier sous sol d'un bel immeuble dans une rue attenante à l'avenue Kléber. Accès par escalier. Parfait pour stockage et pour vin (sol en terre mais la cave est saine). Accès par 1 porte métallique avec serrure récente, puis la porte de la cave est blindée avec 3 verrous. Cave et escalier éclairés. Gardienne dans l'immeuble.;2017-08-29;2017-10-24
1182102072;Cave 10m2;90;//www.leboncoin.fr/locations/1182102072.htm?ca=12_s;;Paris 11ème;10.0;Cave à louer idéalement située dans le quartier Nation (avenue Philippe Auguste) .<br>Sol en terre battue<br>Aération <br>Convient pour du stockage (outils, vin etc...).<br>La cave est saine mais je ne recommande pas d'y stocker des vêtements ou des chaussures non protégés. <br>Accès sécurisé: digicode, porte d'accès verrouillée.<br>Location avec contrat de bail et caution correspondant à un mois de loyer<br>Pas de professionnel de l'immobilier .;2017-08-29;2017-10-24
1182096663;Cave a louer Bastille 7m2;110;//www.leboncoin.fr/locations/1182096663.htm?ca=12_s;;Paris 11ème;7.0;cave a louer tres bon etat secteur bastille, securisé avec acces par digicodes, ideal stockage vins ou autres;2017-08-29;2017-10-24
1182024449;CAVE BOX Fermée pour stockage court durée (7 M³);70;//www.leboncoin.fr/locations/1182024449.htm?ca=12_s;;Paris 12ème;9.0;je loue mon box fermé pour une courte durée.<br>idéal pour stocker cartons et petits volumes.<br>Pour gagner du temps:<br>Canapé, clic/clac, grosse armoire ne rentre pas<br>1 semaine: 30€<br>1 mois: 80€<br>2 mois: 75€/mois soit 150€<br>3 mois: 70€/mois soit 210€<br>Localisation: <br>17 Rue Erard<br>75012 Paris<br>Metro: Reuilly Diderot;2017-08-29;2017-10-24
1181899065;2P - 43m2 - Cambronne - lumineux - cave et parking;1385;//www.leboncoin.fr/locations/1181899065.htm?ca=12_s;;Paris 15ème;;Appartement 2 pièces 43 m2 - 2ème étage.<br>Le salon, la chambre et la cuisine orientés Est, sans vis-à-vis, avec grandes fenêtres, donc très lumineux et calme.<br>Salle de bain et WC desservis par le couloir d'entrée, qui offre également 4 grands placards de rangement.<br>Cuisine équipée : frigo, four, lave-vaisselle.<br>Cave et parking inclus, accessibles par le même ascenseur que l'appartement.<br>A 200m du métro Cambronne, quartier très commerçant et vivant.<br>Dispose fibre.<br>Chauffage immeuble compris dans les charges.<br>Immeuble bien entretenu et très sécurisé - gardien au rez-de chaussée, ascenseur et escaliers avec accès à carte.<br>DISPONIBLE IMMEDIATEMENT;2017-08-28;2017-10-24
1181750947;Cave dans résidence sécurisée proche de Nation;50;//www.leboncoin.fr/locations/1181750947.htm?ca=12_s;;Paris 20ème;4.0;Cave saine (pas d'humidité ni de rats)<br>Disponible le 2 septembre.<br>Tel: 06 58 94 10 28;2017-08-28;2017-10-24
927436802;2 caves à vin dans le 75001;25;//www.leboncoin.fr/locations/927436802.htm?ca=12_s;;Paris 1er;7.0;Je loue 2 caves, à côté de la place du Chatelet, au deuxième sous sol avec terre  battue.<br>Parfaites pour stocker du vin, ou des choses qui ne soit pas attaché par l'humidité.<br>Une de 14 m2 (50 euro par mois) <br>et l'autre de 7 m2 (25 euro par mois)<br>Accès aux caves exclusivement sur rendez vous.;2017-08-26;2017-10-24
1179796666;Location cave Paris 8 Monceau;175;//www.leboncoin.fr/locations/1179796666.htm?ca=12_s;;Paris 8ème;15.0;Nous mettons en location notre cave de 15m2 pour 175€ par mois.<br>En excellent état, située rue de Monceau entre la rue de Courcelles et le boulevard Haussmann.<br>Prix négociable<br>Contact: 07 63 87 76 69;2017-08-24;2017-10-23
1179617805;CAVE DE STOCKAGE - GARDE-MEUBLES 8m3 PARIS 75006;70;//www.leboncoin.fr/locations/1179617805.htm?ca=12_s;;Paris 6ème;4.0;Cave de stockage 8 m3 (4m2 au sol). <br>Eclairée.<br>Ventilée, saine et étanche. <br>Murs et sols béton. <br>Porte blindée coupe feu. <br>Accès sécurisé. <br>Dans immeuble gardé 24h/24. <br>70€/mois.  <br>Bail 1 an renouvelable.<br>Particuliers uniquement<br>Disponible 1er décembre 2017.<br>Visites sur demande.;2017-08-24;2017-10-23
1152495207;4/5P 130M² Tour Super Italie + PKG + CAVE + LOGGIA;3000;//www.leboncoin.fr/locations/1152495207.htm?ca=12_s;;Paris 13ème;;Tour Super Italie, étage peu élevé, 4/5 pièces de 130M² comprenant entrée, séjour double ou séjour + chambre, cuisine, 2 salle de bains avec WC, WC, 3 ou 4 chambres selon, dressing, rangements, 4 balcons. Parking et cave. Chauffage et eau chaude inclus.<br>Contact Mr OUM;2017-08-22;2017-10-23
1178678681;Cave - partage ma cave près Mairie du 18ème;80;//www.leboncoin.fr/locations/1178678681.htm?ca=12_s;;Paris 18ème;4.0;;2017-08-22;2017-10-23
1324470104;Grande cave 8m². Paris 18;120;//www.leboncoin.fr/locations/1324470104.htm?ca=12_s;;Paris 18ème;8.0;A louer, cave à métro Jules joffrin dans le 18eme, Rue Duhesme, dans bel immeuble, très sécurisé (gardiens) : deux portes de digicode, une porte pour descendre à la cave, une grande porte blinde, plus la porte pour ouvrir la cave en question.<br>Très saine (sol ciment), bien ventilée (Aération par le haut), propre. Claire (peinture blanche).<br>Grande hauteur sous plafond.<br>Il y a une lampe dans la cave plus une prise électrique. <br>Idéale pour stockage meubles, vêtements, archives etc<br>Dimensions : 8m²<br>Quartier marie du 18eme Jules joffrin (Rue Duhesme). Stationnement très facile devant l'immeuble.<br>Prix : 120 Euro(s) par mois  (charges comprises);2017-10-23;2017-10-24
1324328498;Cave carrelée avec éclairage;150;//www.leboncoin.fr/locations/1324328498.htm?ca=12_s;;Paris 4ème;10.0;cave à louer en plein coeur du marais, au 4 rue de rivoli 75004 Paris.<br>cave carrelée et éclairée.<br>150/ mois cc;2017-10-23;2017-10-24
1324275840;Cave betonnee;60;//www.leboncoin.fr/locations/1324275840.htm?ca=12_s;;Paris 15ème;4.0;Cave bétonnée sécurisée.<br>Accès facile avec grand escalier.<br>Facilité de stationnement devant l'immeuble.<br>2 codes d’accès et deux clefs pour y accéder.<br>Situées 14 rue Edmond Roger.75015.;2017-10-23;2017-10-24
1067440225;Cave très grande taille > 15m2. Paris 16;200;//www.leboncoin.fr/locations/1067440225.htm?ca=12_s;;Paris 16ème;15.0;A louer, Porte de la Muette : grande cave dans bel immeuble, très sécurisé (gardiens).<br>Très saine (sol ciment), bien ventilée, propre. Claire (peinture blanche). Partie en graviers pour vin. Aération par le haut. <br>Grande hauteur sous plafond.<br>Idéale pour stockage meubles, vêtements, archives ... <br>Dimensions : 15m²  (largeur 4.5m x profondeur 3.5m). Stockage  40m3.<br>Accès par escalier ou ascenseur.<br>Quartier Porte de la Muette, avenue Henri Martin, OCDE (rue Octave Feuillet / rue de Franqueville). Stationnement très facile devant l'immeuble. Proche station RER et Périphérique (300m).<br>Prix : 180 Euro(s) par mois (+ 20 Euros de charges)<br>Visites le soir ou le WE.;2017-10-22;2017-10-24
1323900548;Cave 15m² Paris 14e;240;//www.leboncoin.fr/locations/1323900548.htm?ca=12_s;;Paris 14ème;15.0;Cave de 15m² en sous-sol à louer pour stockage de meubles, objets, etc (produits dangereux, toxiques, etc non acceptés).<br>Localisation proche de Montparnasse / rue de la Gaîté!<br>Cave fraîche, avec ventilation. Accès par petit escalier (pas adapté pour meubles trop volumineux).<br>Possibilité de location partielle: prix par m² 20-25€/mois à discuter;2017-10-22;2017-10-24
1323557558;Cave 2,8m² (6m3) stockage Bd St Michel/VGrâce;40;//www.leboncoin.fr/locations/1323557558.htm?ca=12_s;;Paris 5ème;3.0;"Bonjour,<br>Louez une cave saine, légèrement voûtée dans le mur du fond, comme espace de stockage, de 2;8m² (6m3) à Paris 5ème, angle Bd St Michel et rue du Val de Grâce, dans un immeuble haussmannien pour y stocker :<br>Des affaires personnelles (documents, meubles, vêtements, ...), <br>De l'archivage,<br>De l'outillage pour une entreprise.<br>Accès immeuble par digicode pour la porte d'entrée principale et une clé pour accéder aux caves.<br>Localisation : 1er sous-sol.<br>RER : Port Royal et Luxembourg. Bus 38 à proximité.<br>Sol en terre battue.<br>Palettes laissées à disposition pour y déposer vos affaires hors sol.<br>Murs latéraux en parpaings.<br>Portes en bois munie d'un verrou avec serrure, s'ouvrant vers le couloir pour optimiser la place à l'intérieur.<br>L=2,45m<br>L= 1,22m<br>H= 2,30m.<br>Disponible de suite.<br>Contrat annuel de location avec tacite reconduction.<br>Prix mensuel CC : 40,00 € (Loyer 35,00 € + 5,00 € de charges).<br>Caution deux mois : 70,00 €<br>Renseignement et visite : 06 52 12 38 22<br>Je ne réponds pas aux MAILS ou aux SMS ou aux numéros masqués, mais je vous rappelle si vous me laissez votre numéro de mobile en cas d'absence.<br>Merci";2017-10-22;2017-10-24
1323175822;Location Cave ;60;//www.leboncoin.fr/locations/1323175822.htm?ca=12_s;;Paris 15ème;3.0;Bonjour, <br>Je loue une cave de 3,50 m2 dans un immeuble sécurisée proche métro Cambronne dans le 15 eme arrondissement avec hauteur d'environ 2 mètres.<br>Cave accessible par badge et par clé. <br>Idéal stockage/rangement. <br>Location de longue durée privilégiée ( minimum 6 mois). <br>Loyer : 60 e mensuel;2017-10-21;2017-10-24
1323107034;Cave à louer -- 8 rue Boucry 75018 libre 4 NOV;50;//www.leboncoin.fr/locations/1323107034.htm?ca=12_s;;Paris 18ème;3.0;L I B R E  A  PARTIR DU 4 NOVEMBRE   2017<br>Cave  à louer dans la tour Boucry ( 8 rue Boucry 75018) au deuxième sous-sol.<br>Accès sécurisé (caméras + badge électronique), sécurité incendie. Porte blindée.<br>Pas d'humidité. Température à peu près constante.<br>2 Étagères  à l'intérieur<br>Dimensions : 1,95m (de long) x 1,4m (de large) x 2.50m ( de haut) soit 6,8 m3<br>50 euros/ mois (payable trimestriellement).<br>Location minimum 6 mois.<br>Pour tous renseignements  tél. ou  mail.;2017-10-21;2017-10-24
1124825031;Grande cave 12m² à louer Paris 16è proximité métro;200;//www.leboncoin.fr/locations/1124825031.htm?ca=12_s;;Paris 16ème;12.0;Belle et grande cave de 12 m² à louer, en sous-sol, rue Davioud 16è arrondissement Paris<br>Dans un immeuble ancien, code et accès sécurisé<br>Propre, saine et aérée sur sol en ciment<br>A 100 m du métro Ranelagh<br>LOCAL PRÉVU UNIQUEMENT POUR DU STOCKAGE, DE L'ENTREPOSAGE OU DE LA CONSERVATION.;2017-10-21;2017-10-24
1325073342;Location cave;50;//www.leboncoin.fr/locations/1325073342.htm?ca=12_s;;Paris 16ème;3.0;Je loue la moitié de ma cave, située près de la Porte de St Cloud, tout près du métro L9 - 75016.<br>3 m2 au sol sont disponibles, hauteur sous plafond, niveau -1, escalier, <br>location longue durée préférentielle, fermée, sécurisée, sans problème d'humidité, saine, n'hésitez pas à me contacter pour de plus amples informations.<br>La cave est sèche, éclairée et équipée d’une prise de courant. 2 codes pour accès à l'immeuble .<br>Renseignement et visite : 06 83 03 23 39.;2017-10-24;
1325066647;Cave rénovée avec porte blindée;85;//www.leboncoin.fr/locations/1325066647.htm?ca=12_s;;Paris 17ème;5.0;Cave / local entièrement rénovée de 5m2. Située dans le 17ème arrondissement, à proximité de l'avenue de Clichy, non loin des stations de métro La Fourche, Brochant et Rome.<br>La cave est saine et a son propre éclairage. Le sol est propre avec sa chape de béton. Les murs ont été entièrement refaits. Grande hauteur sous plafond : 2,60m, soit une capacité de stockage d'environ 13m3. Des extracteurs d'air sont présents dans le sous-sol de la copropriété, contribuant à un renouvellement permanent de l'air.<br>A destination uniquement de stockage.<br>Stockage très sécurisé : 2 digicodes au niveau des portes d'accès à l'immeuble puis la porte d'accès au sous-sol et enfin la porte blindée de la cave.;2017-10-24;2017-10-24
1324962145;Cave 13 m2 refaite métro Sentier;90;//www.leboncoin.fr/locations/1324962145.htm?ca=12_s;;Paris 2ème;13.0;Loue spacieuse cave refaite (dalle béton + porte acier) à 200 mètres des métros Sentier ou Bonne Nouvelle. Cave voutee avec belle hauteur sous plafond (2m70 maximum).  Immeuble avec digicode, accès aux caves par un escalier assez raide;2017-10-24;2017-10-24
1324946695;Location d'une cave Paris 20e;65;//www.leboncoin.fr/locations/1324946695.htm?ca=12_s;;Paris 20ème;3.0;Bonjour, <br>Je loue ma cave dans un immeuble propre et sécurisé dans le 75020, elle se trouve au sous-sol, possibilité de visiter.;2017-10-24;2017-10-24
1324771519;CAVE 2m² dans le 18 ème;50;//www.leboncoin.fr/locations/1324771519.htm?ca=12_s;;Paris 18ème;2.0;A louer dans le 18ième au 6/14 rue Leibniz une cave de 2m² bien sèche dans immeuble résidentiel. <br>Bien sécurisé . <br>prix : 50 euros/mois<br>Contrat de locatation et caution d'un mois;2017-10-24;2017-10-24
1324742032;Cave 2,6m² (6m3) stockage 75012 M°Dugommier;60;//www.leboncoin.fr/locations/1324742032.htm?ca=12_s;;Paris 12ème;3.0;Bonjour,<br>Louez une cave de 2,60m² (ou 6,20m3) à Paris 12ème, dans un immeuble tranquille pour stockage uniquement. Située à l'angle du Passage et de la rue du Charolais.<br>Quatre portes pour accéder à la cave : <br>Premier digicode sur la porte principale.<br>Second digicode dans le sas, à l’intérieur de l’immeuble.<br>Serrure sur la porte d’accès aux caves.<br>Serrure sur la porte de la cave.<br>Dimensions :<br>L=2m45 x l=1m10 – H= 2m30. Saine et non humide. <br>Terre battue au sol. Une porte posée sur des palettes permet de poser vos affaires sans toucher le sol. <br>Porte métallique double parois.<br>M° Dugommier. Bus 87 (Champs de Mars /Porte de Reuilly).<br>Libre début novembre.<br>Location par bail annuel, reconductible tacitement.<br>Prix mensuel CC : 60,00 € (Loyer 55,00 € + 5,00 € de charges)<br>Caution (encaissable) : 110,00 € (restituée en fin de location après état des lieux).<br>Renseignement et visite : 06 52 12 38 22. <br>Je ne réponds pas aux sms et aux mails, mais je vous rappelle si vous me laisser un message avec un numéro.<br>Merci.;2017-10-24;2017-10-24
1324633921;CAVE DE STOCKAGE - 8m3 - PARIS 75006;80;//www.leboncoin.fr/locations/1324633921.htm?ca=12_s;;Paris 6ème;4.0;Cave de stockage 8 m3 (4,5 m2 au sol env). <br>Cave éclairée, saine et ventilée, murs et sols béton.<br>Accès sécurisé (5 portes intermédiaires à clés jusqu’aux caves)<br>Dans immeuble gardé 24/24h.<br>Facile d’accès.<br>Location uniquement aux particuliers pour stockage d’effets personnels.<br>Disponible de suite.<br>80€/mois. Bail 1 an renouvelable.;2017-10-23;2017-10-24
1324571276;Cave Paris 11ème;55;//www.leboncoin.fr/locations/1324571276.htm?ca=12_s;;Paris 11ème;3.0;Loue cave de 3m2, sol en béton, cave saine, accès sécurisé. <br>Située rue du chemin vert près du métro père Lachaise.;2017-10-23;2017-10-24
